INSERT INTO cars (id, name, brand, type, category) VALUES (1001, 'Ferrari 488 GT3 Evo 2020', 'Ferrari', 'Road', 'GT3');
INSERT INTO cars (id, name, brand, type, category) VALUES (1002, 'Audi R8 LMS', 'Audi', 'Road', 'GT3');
INSERT INTO cars (id, name, brand, type, category) VALUES (1003, 'McLaren MP4-12C GT3', 'McLaren', 'Road', 'GT3');
INSERT INTO cars (id, name, brand, type, category) VALUES (1004, 'Porsche 992 Cup', 'Porsche', 'Road', 'Cup');
INSERT INTO cars (id, name, brand, type, category) VALUES (1005, 'Formula Vee', 'Vee', 'Open Wheel', 'GT3');
INSERT INTO cars (id, name, brand, type, category) VALUES (1006, 'Porsche 911 GT3 R', 'Porsche', 'Road', 'GT3');
INSERT INTO cars (id, name, brand, type, category) VALUES (1007, 'Lamborghini Huracan GT3 EVO', 'Lamborghini', 'Road', 'GT3');
INSERT INTO cars (id, name, brand, type, category) VALUES (1008, 'Mercedes-AMG GT3 2020', 'Mercedes', 'Road', 'GT3');
INSERT INTO cars (id, name, brand, type, category) VALUES (1009, 'NASCAR Chevrolet Camaro', 'Chevrolet', 'Oval', 'Next Gen');
INSERT INTO cars (id, name, brand, type, category) VALUES (1010, 'Dallara P217', 'Dallara', 'Prototype', 'LMP2');

-- INSERT INTO decals (id, name, decal_position, car_id, creator, company, series) VALUES (1001, 'HotTub 488 branding', 'Top', 1001, 'Hottub Heroes', 'Hottub', 'Regular');
-- INSERT INTO decals (id, name, decal_position, car_id, creator, company, series) VALUES (1002, 'iOverlay Audi R8 branding', 'Sides', 1002, 'Joepie', 'iOverlay inc.', 'VRS');
-- INSERT INTO decals (id, name, decal_position, car_id, creator, company, series) VALUES (1003, 'iOverlay branding', 'Sides', 1005, 'Joepie', 'iOverlay inc.', 'Regular');
-- INSERT INTO decals (id, name, decal_position, car_id, creator, company, series) VALUES (1004, 'Heuinkveld branding', 'Sides', 1010, 'Enzo', 'Heusinkveld', 'IMSA');
-- INSERT INTO decals (id, name, decal_position, car_id, creator, company, series) VALUES (1005, 'Atari brand', 'Wing', 1003, 'Ryan', 'Atari EU', 'Sim Cup');
-- INSERT INTO decals (id, name, decal_position, car_id, creator, company, series) VALUES (1006, 'Apex Missers', 'Decal', 1007, 'Tobias', 'The Apex Missers', 'private league');
-- INSERT INTO decals (id, name, decal_position, car_id, creator, company, series) VALUES (1007, 'Dunder Mifflin', 'Sides', 1006, 'Dwight Schrute', 'Schrute Farms', 'VRS');
-- INSERT INTO decals (id, name, decal_position, car_id, creator, company, series) VALUES (1008, 'Evil Racing 2022 VRS', 'Sides', 1008, 'Günther', 'Mercedes', 'VRS');
-- INSERT INTO decals (id, name, decal_position, car_id, creator, company, series) VALUES (1009, 'Cream Filled Beaver', 'Total', 1009, 'Dave', 'Liquor What?', 'Next Gen');
-- INSERT INTO decals (id, name, decal_position, car_id, creator, company, series) VALUES (1010, '992 IRNL decals', 'Total', 1004, 'Lucas', 'iRacing Nederland', 'IRNL Cup');

-- INSERT INTO file_upload_response (file_name, content_type, url) VALUES ('apm_lambodecal.png', 'image/png', 'https://i.postimg.cc/YSqZ734z/apm-lambodecal.png');
-- INSERT INTO file_upload_response (file_name, content_type, url) VALUES ('Chevrolet Camaro Next Gen Full Liquor what.png', 'image/png', 'https://i.postimg.cc/rpPnkL2q/Chevrolet-Camaro-Next-Gen-Full-Liquor-what.png');
-- INSERT INTO file_upload_response (file_name, content_type, url) VALUES ('Dallara P217 IMSA Heusinkveld.png', 'image/png', 'https://i.postimg.cc/QMt4wdP6/Dallara-P217-IMSA-Heusinkveld.png');
-- INSERT INTO file_upload_response (file_name, content_type, url) VALUES ('F4 iOverlay.png', 'image/png', 'https://i.postimg.cc/DfbD7mzH/F4-i-Overlay.png');
-- INSERT INTO file_upload_response (file_name, content_type, url) VALUES ('FormulaV Bitcoin.png', 'image/png', 'https://i.postimg.cc/zXCcRMKk/Formula-V-Bitcoin.png');
-- INSERT INTO file_upload_response (file_name, content_type, url) VALUES ('iOverlay IMSA R8.png', 'image/png', 'https://i.postimg.cc/YCtyN3xB/i-Overlay-IMSA-R8.png');
-- INSERT INTO file_upload_response (file_name, content_type, url) VALUES ('Macca VRS Atari.png', 'image/png', 'https://i.postimg.cc/2ST90ZHb/Macca-VRS-Atari.png');
-- INSERT INTO file_upload_response (file_name, content_type, url) VALUES ('Merc GT3 evilRacing VRS.png', 'image/png', 'https://i.postimg.cc/bvCMwtkc/Merc-GT3-evil-Racing-VRS.png');
-- INSERT INTO file_upload_response (file_name, content_type, url) VALUES ('Porsche 992 Cup IRNL final.png', 'image/png', 'https://i.postimg.cc/vBCNWw00/Porsche-992-Cup-IRNL-final.png');
-- INSERT INTO file_upload_response (file_name, content_type, url) VALUES ('Porsche GT3R Dunder Miflin VRS.png', 'image/png', 'https://i.postimg.cc/CLT25YB1/Porsche-GT3-R-Dunder-Miflin-VRS.png');

-- INSERT INTO decals (id, name, decal_position, car_id, creator, company, series, file_name) VALUES (1001, 'HotTub 488 branding', 'Top', 1001, 'Hottub Heroes', 'Hottub', 'Regular', 'apm_lambodecal.png');
-- INSERT INTO decals (id, name, decal_position, car_id, creator, company, series, file_name) VALUES (1002, 'iOverlay Audi R8 branding', 'Sides', 1002, 'Joepie', 'iOverlay inc.', 'VRS', 'iOverlay IMSA R8.png');
-- INSERT INTO decals (id, name, decal_position, car_id, creator, company, series, file_name) VALUES (1003, 'iOverlay branding', 'Sides', 1005, 'Joepie', 'iOverlay inc.', 'Regular', 'F4 iOverlay.png');
-- INSERT INTO decals (id, name, decal_position, car_id, creator, company, series, file_name) VALUES (1004, 'Heuinkveld branding', 'Sides', 1010, 'Enzo', 'Heusinkveld', 'IMSA', 'Dallara P217 IMSA Heusinkveld.png');
-- INSERT INTO decals (id, name, decal_position, car_id, creator, company, series, file_name) VALUES (1005, 'Atari brand', 'Wing', 1003, 'Ryan', 'Atari EU', 'Sim Cup', 'Macca VRS Atari.png');
-- INSERT INTO decals (id, name, decal_position, car_id, creator, company, series, file_name) VALUES (1006, 'Apex Missers', 'Decal', 1007, 'Tobias', 'The Apex Missers', 'private league', 'apm_lambodecal.png');
-- INSERT INTO decals (id, name, decal_position, car_id, creator, company, series, file_name) VALUES (1007, 'Dunder Mifflin', 'Sides', 1006, 'Dwight Schrute', 'Schrute Farms', 'VRS', 'Porsche GT3R Dunder Miflin VRS.png');
-- INSERT INTO decals (id, name, decal_position, car_id, creator, company, series, file_name) VALUES (1008, 'Evil Racing 2022 VRS', 'Sides', 1008, 'Günther', 'Mercedes', 'VRS', 'Merc GT3 evilRacing VRS.png');
-- INSERT INTO decals (id, name, decal_position, car_id, creator, company, series, file_name) VALUES (1009, 'Cream Filled Beaver', 'Total', 1009, 'Dave', 'Liquor What?', 'Next Gen', 'Chevrolet Camaro Next Gen Full Liquor what.png');
-- INSERT INTO decals (id, name, decal_position, car_id, creator, company, series, file_name) VALUES (1010, '992 IRNL decals', 'Total', 1004, 'Lucas', 'iRacing Nederland', 'IRNL Cup', 'Porsche 992 Cup IRNL final.png');

INSERT INTO events (id, name, private_event, event_date) VALUES (1001, 'Daytona 24hr', false, '25-01-2023');
INSERT INTO events (id, name, private_event, event_date) VALUES (1002, 'Watkins 6hr', false, '15-06-2023');
INSERT INTO events (id, name, private_event, event_date) VALUES (1003, 'Bathurst 1000', false, '1-12-2022');
INSERT INTO events (id, name, private_event, event_date) VALUES (1004, 'Petit Le Mans', false, '07-10-2022');
INSERT INTO events (id, name, private_event, event_date) VALUES (1005, 'Suzuka 12hr', false, '11-11-2022');
INSERT INTO events (id, name, private_event, event_date) VALUES (1006, 'Spa 24hr', false, '1-12-2022');
INSERT INTO events (id, name, private_event, event_date) VALUES (1007, 'Nurburgring 24hr', false, '08-04-2022');
INSERT INTO events (id, name, private_event, event_date) VALUES (1008, 'IVRA 24hr Barcelona', true, '08-09-2022');
INSERT INTO events (id, name, private_event, event_date) VALUES (1009, 'Moradness 6hr Brands Hatch', false, '08-04-2022');

-- INSERT INTO event_decals (event_id, decal_id) VALUES (1001, 1001);
-- INSERT INTO event_decals (event_id, decal_id) VALUES (1001, 1002);
-- INSERT INTO event_decals (event_id, decal_id) VALUES (1001, 1003);
-- INSERT INTO event_decals (event_id, decal_id) VALUES (1002, 1005);
-- INSERT INTO event_decals (event_id, decal_id) VALUES (1002, 1006);
-- INSERT INTO event_decals (event_id, decal_id) VALUES (1002, 1008);

INSERT INTO users (username, apikey, password, email, enabled) VALUES ('max', null, '$2a$12$p.51Ae98h.c7L3WtyjycOOZkzS5uEibkKxOeGsaUepNw8Rn7pCN5C','max@user.nl', true);
INSERT INTO users (username, apikey, password, email, enabled) VALUES ('jos', null, '$2a$12$p.51Ae98h.c7L3WtyjycOOZkzS5uEibkKxOeGsaUepNw8Rn7pCN5C', 'jos@admin.nl', true);

INSERT INTO authorities (username, authority) VALUES ('max', 'ROLE_USER');
INSERT INTO authorities (username, authority) VALUES ('jos', 'ROLE_ADMIN');